title,description,url,content,category,tokens,topic
This Affordable Laptop Is My Daily Go-To and It's Just $249 But Only for Presidents Day - CNET,"Lenovo's Duet 11 Chromebook is compact, lightweight and perfect for commuting or travel. It's currently 34% off for Best Buy's Presidents Day sale.",https://www.cnet.com/deals/this-affordable-laptop-is-my-daily-go-to-and-its-even-cheaper-for-presidents-day/,"I've tested and owned a lot of tablets and laptops over the years. The Lenovo Duet 11 Chromebook, which functions both as a laptop and tablet, is the one I use the most and fits my daily life perfect… [+4433 chars]",technology,"['tested', 'owned', 'lot', 'tablets', 'laptops', 'years', 'lenovo', 'duet', '11', 'chromebook', 'functions', 'laptop', 'tablet', 'one', 'use', 'fits', 'daily', 'life', 'chars']",technology
Developer Insight—Upcoming UI Improvements - Hunt: Showdown,"Hunt: Showdown is a competitive first-person PvP bounty hunting game with heavy PvE elements. Set in the darkest corners of the world, Hunt packs the thrill of survival games into a match-based format.",https://www.huntshowdown.com/news/developer-insight-upcoming-ui-improvements,,technology,[],technology
Hyper Light Breaker Reveals Plan To Fix The Game After Early Access Blowback - Kotaku,The extraction loot shooter is beautiful and evocative but in very rough shape at the moment,https://kotaku.com/hyper-light-breaker-roadmap-steam-reviews-roadmap-fix-1851763518,"After years of hype and multiple delays, Hyper Light Breaker finally arrived in Early Access on Steam last month. At last, players were able to dig into its moody mashup of loot, extraction shooter, … [+3153 chars]",technology,"['years', 'hype', 'multiple', 'delays', 'hyper', 'light', 'breaker', 'finally', 'arrived', 'early', 'access', 'steam', 'last', 'month', 'last', 'players', 'able', 'dig', 'moody', 'mashup', 'loot', 'extraction', 'shooter', 'chars']",technology
"Sony Puts PS Plus Extra, Premium on Sale in the USA - Push Square",Discount live for 10 days,https://www.pushsquare.com/news/2025/02/sony-puts-ps-plus-extra-premium-on-sale-in-the-usa,"Sony is running a sale on its PS Plus Extra and PS Plus Premium subscription tiers for the next 10 days in the USA, with a saving of up to 37 per cent on offer. The discount only seems to be applying… [+941 chars]",technology,"['sony', 'running', 'sale', 'ps', 'plus', 'extra', 'ps', 'plus', 'premium', 'subscription', 'tiers', 'next', '10', 'days', 'usa', 'saving', '37', 'per', 'cent', 'offer', 'discount', 'seems', 'chars']",technology
"‘Avowed’ Launches With ‘Very Positive’ Steam Reviews, Decent Critic Scores - Forbes","Avowed has launched in the all-too-common-now paid early access on Xbox and PC, and players are getting their hands on the game for the first time.",https://www.forbes.com/sites/paultassi/2025/02/14/avowed-launches-with-very-positive-steam-reviews-decent-critic-scores/,"Avowed
Obsidian
Avowed has launched in all-too-common-now paid early access on Xbox and PC, and players are getting their hands on the game for the first time as the critic embargo drops for review… [+2573 chars]",technology,"['avowed', 'obsidian', 'avowed', 'launched', 'paid', 'early', 'access', 'xbox', 'pc', 'players', 'getting', 'hands', 'game', 'first', 'time', 'critic', 'embargo', 'drops', 'chars']",sports
"System Shock 2: Enhanced Edition Renamed System Shock 2: 25th Anniversary Remaster, Also Coming to Nintendo Switch - IGN",,https://www.ign.com/articles/system-shock-2-enhanced-edition-renamed-system-shock-2-25th-anniversary-remaster-also-coming-to-nintendo-switch,,technology,[],technology
Netflix finally decides to play nice and support the Apple TV app - The Verge,Some Apple TV 4K users in the US are being prompted to connect their Netflix accounts to the Apple TV app.,https://www.theverge.com/news/612911/netflix-apple-tv-app-support-integration,"Some Apple TV 4K users in the US are being prompted to link their Netflix accounts with Apple TV.
Some Apple TV 4K users in the US are being prompted to link their Netflix accounts with Apple TV.",technology,"['apple', 'tv', '4k', 'users', 'us', 'prompted', 'link', 'netflix', 'accounts', 'apple', 'tv', 'apple', 'tv', '4k', 'users', 'us', 'prompted', 'link', 'netflix', 'accounts', 'apple', 'tv']",technology
iPhone SE 4: Apple Confirms New Product Launch Date Is Almost Here - Forbes,"Apple has just teased something cryptic, and it looks like we know exactly when the iPhone SE 4th generation will be here. Here's the full run-down.",https://www.forbes.com/sites/davidphelan/2025/02/14/iphone-se-4-apple-confirms-new-product-launch-date-just-days-away-release-date/,"Updated Feb.14 with more details of whats coming and industry commentary.
It looks like Apple will unveil the first update to the iPhone SE since 2022 in less than a week, which means we can now be … [+2820 chars]",technology,"['updated', 'details', 'whats', 'coming', 'industry', 'commentary', 'looks', 'like', 'apple', 'unveil', 'first', 'update', 'iphone', 'se', 'since', '2022', 'less', 'week', 'means', 'chars']",technology
'Tides Of Annihilation' Accidentally Goes Live On Xbox Without A Release Date - Pure Xbox,"Hold your horses, Microsoft",https://www.purexbox.com/news/2025/02/tides-of-annihilation-accidentally-goes-live-on-xbox-without-a-release-date,"Subscribe to Pure Xbox on YouTube29k
There were loads of highlights from an Xbox perspective at the PlayStation State of Play event the other day, and one of them was Tides of Annihilation - an upco… [+1133 chars]",technology,"['subscribe', 'pure', 'xbox', 'youtube29k', 'loads', 'highlights', 'xbox', 'perspective', 'playstation', 'state', 'play', 'event', 'day', 'one', 'tides', 'annihilation', 'chars']",technology
"Elden Ring Nightreign’s First Network Test Plagued by Server Issues, FromSoftware Issues Apology - IGN",Elden Ring Nightreign’s first network test — ongoing at the time of this article’s publication — is suffering from significant server issues that have prevented many from playing.,https://www.ign.com/articles/elden-ring-nightreigns-first-network-test-plagued-by-server-issues-fromsoftware-issues-apology,"UPDATE: FromSoftware has said it's considering an additional Elden Ring Nightreign network test session in response to the server problems that affected the first session that ran today.
""The first … [+3628 chars]",technology,"['update', 'fromsoftware', 'said', 'considering', 'additional', 'elden', 'ring', 'nightreign', 'network', 'test', 'session', 'response', 'server', 'problems', 'affected', 'first', 'session', 'ran', 'today', 'first', 'chars']",technology
Elon Musk's X is winning advertisers new and old — but the comeback has a long way to go - Business Insider,"X's pool of advertisers is growing, but it's far from recouping the revenue lost in the ad exodus following Musk's 2022 takeover.",https://www.businessinsider.com/elon-musk-x-advertising-spending-data-analysis-mixed-recovery-2025-2,"Elon Musk's X has successfully courted a new set of advertisers in recent months, and some big-name brands, such as Apple, are returning.
Does that mean it's seeing an advertising rebound? Well, it'… [+5470 chars]",technology,"['elon', 'musk', 'x', 'successfully', 'courted', 'new', 'set', 'advertisers', 'recent', 'months', 'brands', 'apple', 'returning', 'mean', 'seeing', 'advertising', 'rebound', 'well', 'chars']",technology
Ubisoft revenues decline 31.4% to €990m - GamesIndustry.biz,"Ubisoft has released its financial results for the nine months ending December 31, 2024, reporting significant declines…",https://www.gamesindustry.biz/ubisoft-revenues-decline-314-to-990m,"Ubisoft has released its financial results for the nine months ending December 31, 2024, reporting significant declines in revenues and net bookings.
The firm remains optimistic, however, with the u… [+4138 chars]",technology,"['ubisoft', 'released', 'financial', 'results', 'nine', 'months', 'ending', 'december', '31', '2024', 'reporting', 'significant', 'declines', 'revenues', 'net', 'bookings', 'firm', 'remains', 'optimistic', 'however', 'chars']",technology
How to get free Human Torch skin in Marvel Rivals - Video Gamer,Marvel Rivals is granting a free Human Torch skin in the game with its new mid-season update. Here's how to get it.,https://www.videogamer.com/guides/how-to-get-free-human-torch-skin-in-marvel-rivals/,"You can trust VideoGamer. Our team of gaming experts spend hours testing and reviewing the latest games, to ensure you're reading the most comprehensive guide possible. Rest assured, all imagery and … [+2303 chars]",technology,"['trust', 'videogamer', 'team', 'gaming', 'experts', 'spend', 'hours', 'testing', 'reviewing', 'latest', 'games', 'ensure', 'reading', 'comprehensive', 'guide', 'possible', 'rest', 'assured', 'imagery', 'chars']",technology
‘Gundam Seed Battle Destiny Remastered’ Is Coming To Switch And PC - Forbes,One of the better 'Gundam Battle' games from the PlayStation Vita era will be remastered and released on Switch and PC this May.,https://www.forbes.com/sites/olliebarder/2025/02/13/gundam-seed-battle-destiny-remastered-is-coming-to-switch-and-pc/,"'Gundam Seed Battle Destiny Remastered' is released this May.
Bandai Namco
One of the better Gundam Battle games from the PlayStation Vita era will be remastered and released on Switch and PC this … [+1674 chars]",technology,"['seed', 'battle', 'destiny', 'remastered', 'released', 'may', 'bandai', 'namco', 'one', 'better', 'gundam', 'battle', 'games', 'playstation', 'vita', 'era', 'remastered', 'released', 'switch', 'pc', 'chars']",technology
Potential new iPhone 17 Pro camera design shown in 3D renders - 9to5Mac,"The next generation iPhone is expected to arrive later this year, but there are already plenty of rumors about it...",https://9to5mac.com/2025/02/13/iphone-17-pro-camera-design/,"The next generation iPhone is expected to arrive later this year, but there are already plenty of rumors about it especially when it comes to design and cameras. Previous rumors have suggested that t… [+2152 chars]",technology,"['next', 'generation', 'iphone', 'expected', 'arrive', 'later', 'year', 'already', 'plenty', 'rumors', 'especially', 'comes', 'design', 'cameras', 'previous', 'rumors', 'suggested', 'chars']",technology
"SpaceX test-fires Starship megarocket and Super Heavy booster ahead of next launch (video, photos) - Space.com",Starship's next flight may be just around the corner.,https://www.space.com/space-exploration/launches-spacecraft/spacex-test-fires-starship-megarocket-and-super-heavy-booster-ahead-of-next-launch-video-photos,"In preparation for its eighth Starship launch, SpaceX is finishing up preflight shakedowns for the megarocket's first stage, or Super Heavy booster, and second stage, also known simply as ""Ship."" As … [+3483 chars]",technology,"['preparation', 'eighth', 'starship', 'launch', 'spacex', 'finishing', 'preflight', 'shakedowns', 'megarocket', 'first', 'stage', 'super', 'heavy', 'booster', 'second', 'stage', 'also', 'known', 'simply', 'ship', 'chars']",technology
Gemini AI can now recall past conversations - The Verge,Google’s Gemini AI chatbot can now recall details from past conversations if you have a Gemini Advanced subscription.,https://www.theverge.com/news/612638/google-gemini-ai-advanced-recall-conversations,"You can ask Gemini to summarize previous conversations, or pick up a chat where it left off.
You can ask Gemini to summarize previous conversations, or pick up a chat where it left off.
Googles Gem… [+1193 chars]",technology,"['ask', 'gemini', 'summarize', 'previous', 'conversations', 'pick', 'chat', 'left', 'ask', 'gemini', 'summarize', 'previous', 'conversations', 'pick', 'chat', 'left', 'googles', 'chars']",technology
Nvidia delays the RTX 5070 till after AMD’s reveal - The Verge,Now Nvidia has time to counter.,https://www.theverge.com/news/612650/nvidia-delays-rtx-5070-after-amd-9070,"Now Nvidia has time to counter.
As always, the most important Nvidia graphics card is the one you can actually buy, and Nvidias talked a big game for its RTX 5070, making the dubious but nuanced cla… [+1174 chars]",technology,"['nvidia', 'time', 'counter', 'always', 'important', 'nvidia', 'graphics', 'card', 'one', 'actually', 'buy', 'nvidias', 'talked', 'big', 'game', 'rtx', '5070', 'making', 'dubious', 'nuanced', 'chars']",sports
Sony's latest State of Play highlights three incredible sci-fi games coming to PlayStation 5 - Space.com,Get excited for a new major sci-fi game from Housemarque and two heavy-hitters from third-party studios.,https://www.space.com/sony-state-of-play-three-incredible-sci-fi-games-coming-to-playstation-5,"We're now halfway through the first trimester of 2025, which means that video game companies everywhere are rushing to show off some of the biggest releases arriving in the near future and 2026. On F… [+4555 chars]",technology,"['halfway', 'first', 'trimester', '2025', 'means', 'video', 'game', 'companies', 'everywhere', 'rushing', 'show', 'biggest', 'releases', 'arriving', 'near', 'future', 'chars']",sports
A Black Hole Just Annihilated An Entire Planet In Helldivers 2 On Its Way To Super Earth - Kotaku,Angel's Venture is the second celestial body to be eradicated this way,https://kotaku.com/helldivers-2-black-hole-meridian-angel-venture-order-1851763091,Helldivers 2 is always changing. One day you might wake up to a new DLC adding aliens with mind control powers called the Illuminate. Another you might encounter a big patch that secretly adds shovel… [+2817 chars],technology,"['helldivers', '2', 'always', 'changing', 'one', 'day', 'might', 'wake', 'new', 'dlc', 'adding', 'aliens', 'mind', 'control', 'powers', 'called', 'illuminate', 'another', 'might', 'encounter', 'big', 'patch', 'secretly', 'adds', 'chars']",technology
"Browns announce five new coaches, three changes in job titles - NBC Sports",The Browns announced a number of changes to head coach Kevin Stefanski's staff on Friday.,https://www.nbcsports.com/nfl/profootballtalk/rumor-mill/news/browns-announce-five-new-coaches-three-changes-in-job-titles,"The Browns announced a number of changes to head coach Kevin Stefanskis staff on Friday. 
The announcements included confirmation that Bill Musgrave will take on the quarterbacks coach role in 2025.… [+704 chars]",sports,"['browns', 'announced', 'number', 'changes', 'head', 'coach', 'kevin', 'stefanskis', 'staff', 'friday', 'announcements', 'included', 'confirmation', 'bill', 'musgrave', 'take', 'quarterbacks', 'coach', 'role', 'chars']",sports
Marcus Stroman refusing to go to bullpen as he emphatically ends Yankees’ absence - New York Post ,"Marcus Stroman, whom the Yankees tried to trade this offseason with the veteran being the projected odd man out of the rotation, had until Feb. 22 to report to camp under CBA rules.",https://nypost.com/2025/02/14/sports/marcus-stroman-arrives-at-yankees-camp-after-holdout/,"TAMPA Marcus Stroman claims he was not making a statement by skipping the first two days of workouts.
But the Yankees right-hander arrived at camp Friday with a clear message.
Im a starter, Stroman… [+2121 chars]",sports,"['tampa', 'marcus', 'stroman', 'claims', 'making', 'statement', 'skipping', 'first', 'two', 'days', 'workouts', 'yankees', 'arrived', 'camp', 'friday', 'clear', 'message', 'im', 'starter', 'chars']",sports
Jaguars quickly respond to Trevor Lawrence trade rumor - New York Post ,Mike Tomlin needs a new quarterback in Pittsburgh.,https://nypost.com/2025/02/14/sports/jaguars-quickly-respond-to-trevor-lawrence-trade-rumor/,"Everyone is looking to play quarterback roulette in the offseason, but take the Jaguars off that list.
After reports surfaced that the Steelers approached the Jaguars in an attempt to trade for Trev… [+1697 chars]",sports,"['everyone', 'looking', 'play', 'quarterback', 'roulette', 'offseason', 'take', 'jaguars', 'list', 'reports', 'surfaced', 'steelers', 'approached', 'jaguars', 'attempt', 'trade', 'chars']",sports
Matthew Stafford trade scenarios: Three potential deals to acquire star Rams quarterback - CBS Sports,A look at three potential trade packages that could make sense to land Stafford,https://www.cbssports.com/nfl/news/matthew-stafford-trade-scenarios-three-potential-deals-to-acquire-star-rams-quarterback/,One of the more criminally underrated storylines of the upcoming offseason is that Matthew Stafford could be on the move. The former Super Bowl champion quarterback technically has two years remainin… [+5357 chars],sports,"['one', 'criminally', 'underrated', 'storylines', 'upcoming', 'offseason', 'matthew', 'stafford', 'could', 'move', 'former', 'super', 'bowl', 'champion', 'quarterback', 'technically', 'two', 'years', 'chars']",sports
GALLERY: Check out Williams’ 2025 car - Formula 1,Williams have become the second team to show off their 2025 Formula 1 car via a special launch at the Silverstone circuit on Friday morning.,https://www.formula1.com/en/latest/article/gallery-check-out-more-angles-of-williams-new-fw47-challenger.wMNlyxxnbdZNfmSRhzCAB,"Williams have become the second team to show off their 2025 Formula 1 car via a special event at the Silverstone circuit on Friday morning.
Following on from McLarens Thursday reveal, also at the Br… [+373 chars]",sports,"['williams', 'become', 'second', 'team', 'show', '2025', 'formula', '1', 'car', 'via', 'special', 'event', 'silverstone', 'circuit', 'friday', 'morning', 'following', 'mclarens', 'thursday', 'reveal', 'also', 'chars']",entertainment
Source: Notre Dame hiring Lions' Martin as GM - ESPN,"Notre Dame is finalizing a deal to hire Detroit Lions director of scouting advancement Mike Martin as the school's new general manager, a source told ESPN's Adam Schefter.",https://www.espn.com/college-football/story/_/id/43841254/sources-notre-dame-hiring-lions-mike-martin-gm,"Feb 14, 2025, 06:52 AM ET
Notre Dame is finalizing a deal to hire Detroit Lions director of scouting advancement Mike Martin as the school's new general manager, a source told ESPN's Adam Schefter.… [+286 chars]",sports,"['feb', '14', '2025', 'et', 'notre', 'dame', 'finalizing', 'deal', 'hire', 'detroit', 'lions', 'director', 'scouting', 'advancement', 'mike', 'martin', 'school', 'new', 'general', 'manager', 'source', 'told', 'espn', 'adam', 'schefter', 'chars']",sports
CNBC's Official NBA Team Valuations 2025: Here's how the 30 franchises stack up - CNBC,"The average National Basketball Association team is worth $4.66 billion, according to CNBC Sport's official NBA valuations.",https://www.cnbc.com/2025/02/14/cnbcs-official-nba-team-valuations-2025.html,"The average National Basketball Association team is worth $4.66 billion, according to CNBC Sport's official NBA valuations. This places the league between the average National Football League team, w… [+1941 chars]",sports,"['average', 'national', 'basketball', 'association', 'team', 'worth', 'billion', 'according', 'cnbc', 'sport', 'official', 'nba', 'valuations', 'places', 'league', 'average', 'national', 'football', 'league', 'team', 'chars']",sports
Dale Earnhardt Jr. celebrates making Daytona 500 as car owner: ‘This is incredible’ - NBC Sports,"Dale Earnhardt Jr. after Justin Allgaier put the JR Motorsports car in the Daytona 500: “Where else do you go and barely make the field and cry tears of joy?""",https://www.nbcsports.com/nascar/news/dale-earnhardt-jr-celebrates-making-daytona-500-as-car-owner-this-is-incredible,"DAYTONA BEACH, Fla. His left hand clenched into a fist, his body frozen in anticipation, Dale Earnhardt Jr. stared at the large video board and watched history.
As the frenzied final laps of Thursda… [+5209 chars]",sports,"['daytona', 'beach', 'left', 'hand', 'clenched', 'fist', 'body', 'frozen', 'anticipation', 'dale', 'earnhardt', 'stared', 'large', 'video', 'board', 'watched', 'history', 'frenzied', 'final', 'laps', 'chars']",sports
Tkachuk Brothers Each Tally Two as U.S. Defeats Finland at 4 Nations Face-Off - Team USA Hockey,Team USA to face Canada Saturday (Feb. 15) at 8 p.m. ET; Watch Live on ABC,https://teamusa.usahockey.com/news_article/show/1331503,"Brady Tkachuk banked a rebound chance off Saros after a stellar U.S. forecheck, tying the contest at 10:21 of the first. Matt Boldy (Millis, Mass./Minnesota Wild) and Zach Werenski (Grosse Pointe Woo… [+2039 chars]",sports,"['brady', 'tkachuk', 'banked', 'rebound', 'chance', 'saros', 'stellar', 'forecheck', 'tying', 'contest', 'first', 'matt', 'boldy', 'millis', 'wild', 'zach', 'werenski', 'grosse', 'pointe', 'chars']",sports
Starting lineup for the 67th Daytona 500 - NBC Sports,Chase Briscoe will lead the 2025 field to green in The Great American Race.,https://www.nbcsports.com/nascar/news/starting-lineup-for-the-67th-daytona-500-2025,"The starting lineup for the 67th Daytona 500 has been set with a twist.
Originally slated for 40 cars, The Great American Race will have a bonus 41st driver for 2025 with four-time Indy 500 winner H… [+2217 chars]",sports,"['starting', 'lineup', '67th', 'daytona', '500', 'set', 'twist', 'originally', 'slated', '40', 'cars', 'great', 'american', 'race', 'bonus', '41st', 'driver', '2025', 'indy', '500', 'winner', 'chars']",sports
A team-by-team breakdown of the Top 100 Players Right Now - MLB.com,"MLB Network's Top 100 Players Right Now rankings for 2025 have been revealed, with the top 10 being announced on Thursday night. Which teams are most well-represented on the list? Who are some candidates to crack the Top 100 next year?
Here's a team-by-team l…",https://www.mlb.com/news/mlb-top-100-players-team-by-team-2025,"MLB Network's Top 100 Players Right Now rankings for 2025 have been revealed, with the top 10 being announced on Thursday night. Which teams are most well-represented on the list? Who are some candid… [+21993 chars]",sports,"['mlb', 'network', 'top', '100', 'players', 'right', 'rankings', '2025', 'revealed', 'top', '10', 'announced', 'thursday', 'night', 'teams', 'list', 'chars']",sports
"Giants' John Mara, Tisch to Explore Sale of Non-Controlling, Minority Ownership Stake - Bleacher Report",,https://bleacherreport.com/articles/25154077-giants-john-mara-tisch-explore-sale-non-controlling-minority-ownership-stake,"The Mara and Tisch families are reportedly exploring the sale of up to 10 percent of the New York Giants, per Sports Business Journal's 
Ben Fischer. 
In a statement, the Mara and Tisch families ex… [+1844 chars]",sports,"['mara', 'tisch', 'families', 'reportedly', 'exploring', 'sale', '10', 'percent', 'new', 'york', 'giants', 'per', 'sports', 'business', 'journal', 'ben', 'fischer', 'statement', 'mara', 'tisch', 'families', 'chars']",sports
"Castroneves to use ""world-class driver"" provisional to race in Daytona 500 after qualifying crash - The Associated Press",Four-time Indianapolis 500 winner Helio Castroneves will race in the Daytona 500 as a special 41st driver under a new rule that allows for a “world-class driver” to receive a provisional spot. The Brazilian did not want to use the provisional and hoped to rac…,https://apnews.com/article/nascar-daytona-500-duels-castroneves-wallace-320b18e49557e1fe41c41bbe0d07455e,"DAYTONA BEACH, Fla. (AP) Four-time Indianapolis 500 winner Helio Castroneves will race in the Daytona 500 as a special 41st driver under a new rule that allows for a world-class driver to receive a p… [+4312 chars]",sports,"['daytona', 'beach', 'ap', 'indianapolis', '500', 'winner', 'helio', 'castroneves', 'race', 'daytona', '500', 'special', '41st', 'driver', 'new', 'rule', 'allows', 'driver', 'receive', 'chars']",sports
NBA World Goes Wild for Anthony Edwards's Poster Dunk Over Chet Holmgren - Sports Illustrated,The Timberwolves star did it again.,https://www.si.com/nba/anthony-edwards-poster-dunk-over-chet-holmgren-basketball-world-goes-wild,"Anthony Edwards did it again.
Midway through the first quarter of the Minnesota Timberwolves' matchup against the Oklahoma City Thunder on Thursday night at Target Center, Edwards handled the ball o… [+1954 chars]",sports,"['anthony', 'edwards', 'midway', 'first', 'quarter', 'minnesota', 'timberwolves', 'matchup', 'oklahoma', 'city', 'thunder', 'thursday', 'night', 'target', 'center', 'edwards', 'handled', 'ball', 'chars']",sports
"Oh, baby! Bubba Wallace celebrates his 1st win at Daytona with his newborn son and a new outlook - The Associated Press",Bubba Wallace won the first of two qualifying races for the Daytona 500. He showed enough speed to make him one of the favorites heading into “The Great American Race.” Wallace will start third in the Daytona 500 behind pole-sitter Chase Briscoe and Austin Ci…,https://apnews.com/article/bubba-wallace-daytona-500-qualifying-9800880d8470e6358348ca284ba782f9,"DAYTONA BEACH, Fla. (AP) Bubba Wallace vowed to try to enjoy the little stuff this season. It showed in victory lane.
Can I get a Rolex for this one? Wallace quipped, referring to what winners recei… [+3595 chars]",sports,"['daytona', 'beach', 'ap', 'bubba', 'wallace', 'vowed', 'try', 'enjoy', 'little', 'stuff', 'season', 'showed', 'victory', 'lane', 'get', 'rolex', 'one', 'wallace', 'quipped', 'referring', 'winners', 'chars']",sports
Alex Bregman Contract: New Reported Details Of Major Red Sox Deal - NESN,More details have come out about Alex Bregman's reported massive contract he landed with the Boston Red Sox.,https://nesn.com/2025/02/alex-bregman-contract-new-reported-details-of-major-red-sox-deal/,"Want to access this website or page?
Ask for permission",sports,"['want', 'access', 'website', 'page', 'ask', 'permission']",sports
"DeMeco Ryans said he believes Nick Caley can help Texans ""get over the hump"" - NBC Sports","The Texans introduced Nick Caley as their new offensive coordinator on Thursday, and coach DeMeco Ryans declared that Caley can help the team get ""over the hump.""",https://www.nbcsports.com/nfl/profootballtalk/rumor-mill/news/demeco-ryans-said-he-believes-nick-caley-can-help-texans-get-over-the-hump,"The Texans introduced Nick Caley as their new offensive coordinator on Thursday, and coach DeMeco Ryans declared that Caley can help the team get over the hump.
Ryans has led the Texans to back-to-b… [+1234 chars]",sports,"['texans', 'introduced', 'nick', 'caley', 'new', 'offensive', 'coordinator', 'thursday', 'coach', 'demeco', 'ryans', 'declared', 'caley', 'help', 'team', 'get', 'hump', 'ryans', 'led', 'texans', 'chars']",sports
Quick hits: Big fourth quarter helps Illini WBB hold off upset-minded Penn State - 247Sports,The Illini outscored Penn State 247 in the fourth quarter to win their seventh straight game,https://247sports.com/college/illinois/article/fighting-illini-womens-basketball-quick-hits-illinois-guard-adalia-mckenzie-kendall-bostic-genesis-bryant-245650865/,"CHAMPAIGN — Illinois throughout its winning streak has shown it is a resilient bunch, and that characteristic needed to come through against the Nittany Lions.
The Illini outscored Penn State 24-7 i… [+5258 chars]",sports,"['champaign', 'illinois', 'throughout', 'winning', 'streak', 'shown', 'resilient', 'bunch', 'characteristic', 'needed', 'come', 'nittany', 'lions', 'illini', 'outscored', 'penn', 'state', 'chars']",sports
How NHL stars feel about 4 Nations overtime rules — and whether they want it in regular season - New York Post ,"There is a total lack of consensus amongst players about whether or not to institute such a change for the 82-game regular season, where the overtime format has long been a talking point.",https://nypost.com/2025/02/13/sports/how-nhl-stars-feel-about-4-nations-face-off-overtime-rules/,MONTREAL Zach Werenski would like to see a longer overtime. Brock Nelson is open to the idea. Aleksander Barkov sounds skeptical. Patrik Laine couldnt care less. Nathan MacKinnon wants no part of it.… [+3338 chars],sports,"['montreal', 'zach', 'werenski', 'would', 'like', 'see', 'longer', 'overtime', 'brock', 'nelson', 'open', 'idea', 'aleksander', 'barkov', 'sounds', 'skeptical', 'patrik', 'laine', 'couldnt', 'care', 'less', 'nathan', 'mackinnon', 'wants', 'part', 'chars']",sports
"Arrested more than a dozen times, suspect tied to Telemundo reporter's death evades any real jail time - WWLTV.com",A Katie Moore Investigation revealed that 38-year-old Danette Colbert only served six months in prison despite a dozen arrests in four separate jurisdictions,https://www.wwltv.com/article/news/investigations/katie-moore/arrested-more-than-a-dozen-times-suspect-tied-to-telemundo-reporters-death-evades-any-real-jail-time-danette-colbert/289-32e2330f-3862-4b84-ac9a-be47765ab83c,"KENNER, La. The woman arrested in connection with the death of a Kansas City Telemundo reporter and anchor dodged any significant jail time over a two-decade criminal career, even though she racked u… [+5314 chars]",sports,"['kenner', 'la', 'woman', 'arrested', 'connection', 'death', 'kansas', 'city', 'telemundo', 'reporter', 'anchor', 'dodged', 'significant', 'jail', 'time', 'criminal', 'career', 'even', 'though', 'racked', 'chars']",sports
"Walmart, Sam’s Club, Kroger, Aldi put some limits on egg purchases - WHIO",Walmart and Sam’s Club are the latest stores to place some limits on egg purchases as supplies run short and prices run high.,https://www.whio.com/news/trending/walmart-sams-club-kroger-aldi-put-some-limits-egg-purchases/AB3U7ZXVN5BU5OYXVYOTZT7GUY/,"Walmart and Sams Club are the latest stores to place some limits on egg purchases as supplies run short and prices run high. 
Last month a dozen eggs cost about $5 and theyre still expected to climb… [+1946 chars]",business,"['walmart', 'sams', 'club', 'latest', 'stores', 'place', 'limits', 'egg', 'purchases', 'supplies', 'run', 'short', 'prices', 'run', 'high', 'last', 'month', 'dozen', 'eggs', 'cost', '5', 'theyre', 'still', 'expected', 'chars']",business
Stocks are little changed as Wall Street takes a pause after a strong week: Live updates - CNBC,All three major averages are on pace to end the week higher.,https://www.cnbc.com/2025/02/13/stock-market-today-live-updates.html,"Stocks were little changed on Friday in a pause from a strong performance this week, as investors weighed the latest on the global trade and inflation fronts.
The Dow Jones Industrial Average shed 1… [+1643 chars]",business,"['stocks', 'little', 'changed', 'friday', 'pause', 'strong', 'performance', 'week', 'investors', 'weighed', 'latest', 'global', 'trade', 'inflation', 'fronts', 'dow', 'jones', 'industrial', 'average', 'shed', 'chars']",business
Palo Alto Stock Drops After Earnings Disappoint Wall Street. What to Know. - Barron's,,https://www.barrons.com/articles/palo-alto-stock-price-earnings-727a74f6,,business,[],business
Nissan announces big cuts after Honda debacle - TheStreet,iPhone maker Foxconn has expressed openness to working with Nissan.,https://www.thestreet.com/automotive/nissan-announces-2-6-billion-cuts-after-honda-merger-crumbles,"After weeks of speculation, on December 23, Japanese automotive giants Nissan  (NSANY)  and Honda  (HMC)  announced that they signed a memorandum outlining their plans for a possible merger. 
Under … [+6231 chars]",business,"['weeks', 'speculation', 'december', '23', 'japanese', 'automotive', 'giants', 'nissan', 'nsany', 'honda', 'hmc', 'announced', 'signed', 'memorandum', 'outlining', 'plans', 'possible', 'merger', 'chars']",business
"Stock Market Today: Dow industrials, S&P 500 and Nasdaq futures lower after retail sales - MarketWatch","Stocks are headed for weekly gains, with the S&P 500 near record territory, as investors digest retail sales data.",https://www.marketwatch.com/livecoverage/stock-market-today-dow-futures-steady-ahead-of-retail-sales-update-as-stocks-head-for-weekly-gains,,business,[],business
Moderna Stock Falls on Earnings Report. The Results Reaffirm a Grim Picture for Vaccine Maker. - Barron's,,https://www.barrons.com/articles/moderna-stock-price-earnings-vaccine-59334bf0,,business,[],business
Penny Hunters Eye Profit From Trump Coin Attack With Melting Bet - Bloomberg,Adam Youngs is looking to make a lot from truckloads of the little red cent.,https://www.bloomberg.com/news/articles/2025-02-14/penny-hunters-eye-profit-from-trump-coin-attack-with-melting-bet,"Adam Youngs is looking to make a lot from truckloads of the little red cent. 
His company, Portland Mint, sells old pennies in bulk 40,000 pounds (18,100 kilograms) at a time to investors angling to… [+180 chars]",business,"['adam', 'youngs', 'looking', 'make', 'lot', 'truckloads', 'little', 'red', 'cent', 'company', 'portland', 'mint', 'sells', 'old', 'pennies', 'bulk', 'pounds', 'kilograms', 'time', 'investors', 'angling', 'chars']",business
"DraftKings Pops On Customer Gains, Lifted Outlook - Sans The Super Bowl - Investor's Business Daily","DraftKings posted mixed Q4 results, raised its sales guidance. The sportsbook's loss widened, but analysts lift price targets.",https://www.investors.com/news/draftkings-earnings-q4-2024-dkng-stock-super-bowl/,"Information in Investors Business Daily is for informational and educational purposes only and should not be construed as an offer, recommendation, solicitation, or rating to buy or sell securities. … [+1064 chars]",business,"['information', 'investors', 'business', 'daily', 'informational', 'educational', 'purposes', 'construed', 'offer', 'recommendation', 'solicitation', 'rating', 'buy', 'sell', 'securities', 'chars']",business
"Here are Friday's biggest analyst calls: Nvidia, Apple, Roku, Coinbase, Airbnb, AMD, Netflix, Analog Devices and more - CNBC",Here are the biggest sell-side research calls on Wall Street on Friday.,https://www.cnbc.com/2025/02/14/fridays-biggest-wall-street-analyst-calls-like-nvidia.html,,business,[],business
Chinese hackers breach more US telecoms via unpatched Cisco routers - BleepingComputer,China's Salt Typhoon hackers are still actively targeting telecoms worldwide and have breached more U.S. telecommunications providers via unpatched Cisco IOS XE network devices.,https://www.bleepingcomputer.com/news/security/chinese-hackers-breach-more-us-telecoms-via-unpatched-cisco-routers/,"China's Salt Typhoon hackers are still actively targeting telecoms worldwide and have breached more U.S. telecommunications providers via unpatched Cisco IOS XE network devices.
Recorded Future's In… [+3238 chars]",business,"['china', 'salt', 'typhoon', 'hackers', 'still', 'actively', 'targeting', 'telecoms', 'worldwide', 'breached', 'telecommunications', 'providers', 'via', 'unpatched', 'cisco', 'ios', 'xe', 'network', 'devices', 'recorded', 'future', 'chars']",business
Super Micro Stock Rises. Here’s What’s Next for SMCI. - Barron's,,https://www.barrons.com/articles/super-micro-stock-smci-rises-ai-9db67fed,,business,[],business
"As Target and other retailers drop DEI programs, Black founders could face tougher battle to get and stay on shelves - CNBC","Some retailers have walked back supplier programs intended to address the additional hurdles that Black and minority founders face, including funding.",https://www.cnbc.com/2025/02/14/target-walmart-dei-decisions-could-hurt-black-founders.html,"Brown Girl Jane's sales have more than doubled since the brand got picked up by Sephora last year. The beauty retailer took the 15 Percent Pledge, an effort to add more Black-owned brands to shelves.… [+16949 chars]",business,"['brown', 'girl', 'jane', 'sales', 'doubled', 'since', 'brand', 'got', 'picked', 'sephora', 'last', 'year', 'beauty', 'retailer', 'took', '15', 'percent', 'pledge', 'effort', 'add', 'brands', 'chars']",business
The almighty Musk: How the world’s richest man became Washington’s most powerful bureaucrat - Yahoo,"After accruing immense governmental power over the past month, tech billionaire Elon Musk got his biggest boost yet this week when President Donald Trump...",https://www.cnn.com/2025/02/14/politics/elon-musk-most-powerful-bureaucrat-washington?cid=external-feeds_iluminar_yahoo,"After accruing immense governmental power over the past month, tech billionaire Elon Musk got his biggest boost yet this week when President Donald Trump signed an executive order giving him broad au… [+8324 chars]",business,"['accruing', 'immense', 'governmental', 'power', 'past', 'month', 'tech', 'billionaire', 'elon', 'musk', 'got', 'biggest', 'boost', 'yet', 'week', 'president', 'donald', 'trump', 'signed', 'executive', 'order', 'giving', 'broad', 'chars']",business
"Household Debts, Debt-to-Income Ratio, Serious Delinquencies, Collections, Foreclosures, Bankruptcies: Our Drunken Sailors’ Debts in Q4 2024 - WOLF STREET",,https://wolfstreet.com/2025/02/13/household-debts-debt-to-income-ratio-serious-delinquencies-collections-foreclosures-bankruptcies-our-drunken-sailors-debts-in-q4-2024/,"The summary could go something like this in terms of the past three years: More workers (employment +7.79 million, or +5.0%, BLS data), earning more money (average hourly earnings +13.4%), boosted to… [+6502 chars]",business,"['summary', 'could', 'go', 'something', 'like', 'terms', 'past', 'three', 'years', 'workers', 'employment', 'million', 'bls', 'data', 'earning', 'money', 'average', 'hourly', 'earnings', 'boosted', 'chars']",finance
Taiwan pledges to boost US investment after Donald Trump’s tariff threat - Financial Times,US president has accused Taipei of ‘stealing’ American semiconductor industry,https://www.ft.com/content/bdb5381f-786e-404b-9b24-8735bdc95265,"FT newspaper delivered Monday-Saturday, plus FT Digital Edition delivered to your device Monday-Saturday.
<ul><li></li>Weekday Print Edition<li></li>FT Weekend<li></li>FT Digital Edition<li>Global n… [+105 chars]",business,"['ft', 'newspaper', 'delivered', 'plus', 'ft', 'digital', 'edition', 'delivered', 'device', 'ul', 'li', 'weekday', 'print', 'edition', 'li', 'ft', 'weekend', 'li', 'ft', 'digital', 'edition', 'li', 'global', 'chars']",business
TikTok returns to Apple and Google app stores in the US - The Associated Press,"TikTok has returned to the app stores of Apple and Google in the U.S., after President Donald Trump delayed the enforcement of a TikTok ban. TikTok, which is operated by Chinese technology firm ByteDance, was removed from Apple and Google’s app stores on Jan.…",https://apnews.com/article/tiktok-apple-google-play-app-store-7f895ec83f3f82aa9f0481e89715541e,"HONG KONG (AP) TikTok has returned to the app stores of Apple and Google in the U.S., after President Donald Trump delayed the enforcement of a TikTok ban.
TikTok, which is operated by Chinese techn… [+1676 chars]",business,"['hong', 'kong', 'ap', 'tiktok', 'returned', 'app', 'stores', 'apple', 'google', 'president', 'donald', 'trump', 'delayed', 'enforcement', 'tiktok', 'ban', 'tiktok', 'operated', 'chinese', 'chars']",technology
Cocoa stockpiles plunge to record low - Financial Times,Chocolate makers grab available reserves to counter acute global shortage,https://www.ft.com/content/e2ae7ccd-8c09-4155-b3c7-9a667b6d3d52,"FT newspaper delivered Monday-Saturday, plus FT Digital Edition delivered to your device Monday-Saturday.
<ul><li></li>Weekday Print Edition<li></li>FT Weekend<li></li>FT Digital Edition<li>Global n… [+105 chars]",business,"['ft', 'newspaper', 'delivered', 'plus', 'ft', 'digital', 'edition', 'delivered', 'device', 'ul', 'li', 'weekday', 'print', 'edition', 'li', 'ft', 'weekend', 'li', 'ft', 'digital', 'edition', 'li', 'global', 'chars']",business
Let's Talk About Captain America: Brave New World's End-Credits Scene - Gizmodo,"Anthony Mackie and Harrison Ford star in the latest Marvel Studios movie, now in theaters.",https://gizmodo.com/captain-america-4-end-credits-explained-avengers-multiverse-2000562996,"Captain America: Brave New World is now in theaters and even though we don’t think it’s great, it does have a few hints at the future of the Marvel Cinematic Universe as well as a future-facing scene… [+3524 chars]",entertainment,"['captain', 'america', 'brave', 'new', 'world', 'theaters', 'even', 'though', 'think', 'great', 'hints', 'future', 'marvel', 'cinematic', 'universe', 'well', 'chars']",entertainment
Issa Rae: Actress cancels Kennedy Centre show after Donald Trump takeover - BBC.com,"The star of Insecure pulls out over ""infringement of values"", after Donald Trump took over the venue.",https://www.bbc.com/news/articles/cde98jpg72go,"Helen Bushby
Issa Rae: The star and creator of Insecure cancelled her sold-out show
US actress, writer and producer Issa Rae has cancelled her forthcoming appearance at Washington's Kennedy Centre … [+2741 chars]",entertainment,"['helen', 'bushby', 'issa', 'rae', 'star', 'creator', 'insecure', 'cancelled', 'show', 'us', 'actress', 'writer', 'producer', 'issa', 'rae', 'cancelled', 'forthcoming', 'appearance', 'washington', 'kennedy', 'centre', 'chars']",entertainment
It Looks Like Sabrina Carpenter Just Got Seriously Subtle Revenge On Barry Keoghan Two Months After Their Split - BuzzFeed,"If you need reminding, Barry starred in Sabrina’s original “Please Please Please” music video — which saw her beg him not to embarrass her.",https://www.buzzfeed.com/stephaniesoteriou/sabrina-carpenters-barry-keoghan-revenge-after-split,,entertainment,[],entertainment
Corey Feldman Announces Drummer Duke Gadd Dies From Fentanyl Overdose - TMZ,Corey Feldman says one of his drummers Duke Gadd has died of a fentanyl overdose in Nevada.,https://www.tmz.com/2025/02/14/corey-feldman-drummer-duke-gadd-dead-fentanyl-overdose/,"Corey Feldman says one of his drummers Duke Gadd has died of a fentanyl overdose in Nevada.
Gadd passed away this week in Las Vegas, says Feldman who announced the overdose death on Instagram along … [+792 chars]",entertainment,"['corey', 'feldman', 'says', 'one', 'drummers', 'duke', 'gadd', 'died', 'fentanyl', 'overdose', 'nevada', 'gadd', 'passed', 'away', 'week', 'las', 'vegas', 'says', 'feldman', 'announced', 'overdose', 'death', 'instagram', 'along', 'chars']",entertainment
"YouTube TV Agrees To Short-Term Deal To Keep Paramount’s CBS, Nickelodeon, MTV For Now—Here’s What To Know - Forbes",Paramount accused YouTube TV of pressuring the company into “one-sided terms” in contract negotiations.,https://www.forbes.com/sites/tylerroush/2025/02/14/youtube-tv-agrees-to-short-term-deal-to-keep-paramounts-cbs-nickelodeon-mtv-for-now-heres-what-to-know/,"YouTube TV announced Thursday night that it has agreed to a short-term deal with Paramount to keep CBS, Nickelodeon and several other networks owned by the media company on the streaming serviceavoid… [+3722 chars]",entertainment,"['youtube', 'tv', 'announced', 'thursday', 'night', 'agreed', 'deal', 'paramount', 'keep', 'cbs', 'nickelodeon', 'several', 'networks', 'owned', 'media', 'company', 'streaming', 'chars']",business
Bridget Jones: Is the rom-com heroine a 'misogynist role model' or 'inner voice of a generation'? - BBC.com,"Since Helen Fielding created hapless, middle-class Bridget in the mid-90s, she's divided opinion. As the fourth film is released, women across different generations discuss her impact.",https://www.bbc.com/culture/article/20250212-bridget-jones-sexist-stereotype-or-feminist-icon,"(Credit: Universal Pictures)
Since Helen Fielding created hapless, middle-class Bridget in the mid-90s, she's divided opinion. As the fourth film is released, women across different generations disc… [+13122 chars]",entertainment,"['credit', 'universal', 'pictures', 'since', 'helen', 'fielding', 'created', 'hapless', 'bridget', 'divided', 'opinion', 'fourth', 'film', 'released', 'women', 'across', 'different', 'generations', 'chars']",entertainment
Tilda Swinton Plans A Break From Acting & Addresses Berlin Attendance Despite Boycott Calls - Deadline,"Tilda Swinton will take a break from acting for ""the rest of the year,"" she revealed at the Berlin Film Festival.",http://deadline.com/2025/02/tilda-swinton-filmmaking-break-berlin-film-festival-1236289083/,"Tilda Swinton is planning to take a break from acting after her trip to the Berlin Film Festival comes to an end.
The Oscar winner told journalists this morning that she will be heading to Scotland … [+3097 chars]",entertainment,"['tilda', 'swinton', 'planning', 'take', 'break', 'acting', 'trip', 'berlin', 'film', 'festival', 'comes', 'end', 'oscar', 'winner', 'told', 'journalists', 'morning', 'heading', 'scotland', 'chars']",travel
8 of the most Minnesota things from the debut of the ‘Love is Blind’ Minneapolis season - MPR News,Besides the people! Minimal spoilers ahead. The first six episodes of the show are now on Netflix.,https://www.mprnews.org/story/2025/02/14/8-of-the-most-minnesota-things-from-the-debut-of-the-love-is-blind-minneapolis-season,"Minnesota is front and center of the eighth season of Love is Blind, with 32 singles from across the Twin Cities participating on the reality show for a chance at a forever love.
Netflix released th… [+3871 chars]",entertainment,"['minnesota', 'front', 'center', 'eighth', 'season', 'love', 'blind', '32', 'singles', 'across', 'twin', 'cities', 'participating', 'reality', 'show', 'chance', 'forever', 'love', 'netflix', 'released', 'chars']",entertainment
‘Severance’ Episode 5: Funeral for a Friend - Rolling Stone,"The team says goodbye to a colleague in the most awkward, 'Severance'-y manner imaginable, in an episode that bites off more than it can chew.",http://www.rollingstone.com/tv-movies/tv-movie-recaps/severance-recap-episode-5-season-2-1235261035/,"This post contains spoilers for this week’s episode of Severance, “Trojan’s Horse,” which is now streaming on Apple TV+.  
Among the most disorienting aspects of last week’s spectacularly weird fiel… [+11800 chars]",entertainment,"['post', 'contains', 'spoilers', 'week', 'episode', 'severance', 'trojan', 'horse', 'streaming', 'apple', 'among', 'disorienting', 'aspects', 'last', 'week', 'spectacularly', 'weird', 'chars']",technology
'Final straw': Kanye West's wife divorces him after Super Bowl Swastika shirts - The Jerusalem Post,"West's Swastika-adorned shirts were Censori's 'final straw,' sources say.",https://www.jpost.com/diaspora/antisemitism/article-842103,"Kanye West and Bianca Censori have split after two years of marriage, shortly after the American rapper started selling shirts with Swastikas on them, the Daily Mail and the New York Post reported on… [+2476 chars]",entertainment,"['kanye', 'west', 'bianca', 'censori', 'split', 'two', 'years', 'marriage', 'shortly', 'american', 'rapper', 'started', 'selling', 'shirts', 'swastikas', 'daily', 'mail', 'new', 'york', 'post', 'reported', 'chars']",entertainment
Elsbeth’s Carrie Preston Talks Hilarious Love Interest Twist and Elsbeth’s Future With Angus - TVLine,"'Elsbeth' star Carrie Preston talks her character's romantic future with Angus and that hilarious twist reveal about him in Season 2, Episode 11.",https://tvline.com/interviews/elsbeth-recap-season-2-episode-11-elsbeth-angus-relationship-1235407784/#comments,"Warning: The following contains spoilers for Thursday’s Elsbeth. Proceed at your own risk!
This week’s Valentine’s Day-themed episode of Elsbeth brought a potential love connection for the titular l… [+7011 chars]",entertainment,"['warning', 'following', 'contains', 'spoilers', 'thursday', 'elsbeth', 'proceed', 'risk', 'week', 'valentine', 'episode', 'elsbeth', 'brought', 'potential', 'love', 'connection', 'titular', 'chars']",entertainment
'Mickey 17' First Reactions: Bong Joon Ho's Return Is 'Deeply Chaotic' - Variety,"After the London premiere of 'Mickey 17,' first reactions are calling Bong Joon Ho and Robert Pattinson's movie an 'absolute riot' and 'deeply chaotic.'",https://variety.com/2025/film/news/mickey-17-first-reactions-bong-joon-ho-robert-pattinson-1236307483/,"It’s been nearly six years since Bong Joon Ho‘s last feature “Parasite” debuted at the Cannes Film Festival, beginning a months-long rollout that ended with it becoming the first foreign language fea… [+2552 chars]",entertainment,"['nearly', 'six', 'years', 'since', 'bong', 'joon', 'ho', 'last', 'feature', 'parasite', 'debuted', 'cannes', 'film', 'festival', 'beginning', 'rollout', 'ended', 'becoming', 'first', 'foreign', 'language', 'chars']",entertainment
Tiny Fey says Bill Murray gave a pep talk to the writers of SNL50 : 'I kept waiting for it to turn into a bit' - Entertainment Weekly News,"Tina Fey says Bill Murray gave an unexpected pep talk to the writers of 'SNL50: The Anniversary Special': 'I kept waiting for it to turn into a bit, and it never did.'",https://ew.com/tina-fey-says-bill-murray-gave-snl50-writers-pep-talk-11679858,"Tina Fey says that the SNL50 writing staff received words of encouragement from an unexpected supporter: Bill Murray.
The 30 Rock mastermind reflected on the pressures of writing the forthcoming Sat… [+3665 chars]",entertainment,"['tina', 'fey', 'says', 'snl50', 'writing', 'staff', 'received', 'words', 'encouragement', 'unexpected', 'supporter', 'bill', 'murray', '30', 'rock', 'mastermind', 'reflected', 'pressures', 'writing', 'forthcoming', 'chars']",entertainment
Megyn Kelly Says Blake Lively Has ‘Absolutely Ruined Her Brand’ Over Justin Baldoni Turmoil: ‘She’s a Serial Fraudster’ | Video - Yahoo Entertainment,"""She does appear like an Amber Heard to me,"" the SiriusXM host adds The post Megyn Kelly Says Blake Lively Has ‘Absolutely Ruined Her Brand’ Over Justin...",https://www.yahoo.com/entertainment/megyn-kelly-says-blake-lively-014039319.html,"Megyn Kelly thinks Blake Lively is a “serial fraudster” as more and more information about her legal battle with “It Ends With Us” co-star and director Justin Baldoni continues.
On Thursday’s episod… [+2682 chars]",entertainment,"['megyn', 'kelly', 'thinks', 'blake', 'lively', 'serial', 'fraudster', 'information', 'legal', 'battle', 'ends', 'us', 'director', 'justin', 'baldoni', 'continues', 'thursday', 'chars']",entertainment
Leslie Charleson Cause Of Death Revealed - Deadline,"A cause of death has been revealed for Leslie Charleson, who played cardiologist Monica Quartermaine on the ABC daytime drama General Hospital.",http://deadline.com/2025/02/leslie-charleson-cause-of-death-1236288914/,"A cause of death has been revealed for Leslie Charleson, who played cardiologist Monica Quartermaine on the ABC daytime drama General Hospital for nearly 50 years. Charleson died of sequelae of blunt… [+1109 chars]",entertainment,"['cause', 'death', 'revealed', 'leslie', 'charleson', 'played', 'cardiologist', 'monica', 'quartermaine', 'abc', 'daytime', 'drama', 'general', 'hospital', 'nearly', '50', 'years', 'charleson', 'died', 'sequelae', 'chars']",health
'Cobra Kai' costars Mary Mouser and Tanner Buchanan are engaged - Entertainment Weekly News,"'Cobra Kai' may be ending, but Mary Mouser and Tanner Buchanan are just getting started: The longtime castmates have announced that they're engaged to be married.",https://ew.com/cobra-kai-stars-tanner-buchanan-mary-mouser-engaged-11679644,"Cobra Kai may be ending, but it's just the beginning for costars Mary Mouser and Tanner Buchanan.
The actors announced that they're engaged to be married in joint Instagram post Thursday, adding, ""T… [+2378 chars]",entertainment,"['cobra', 'kai', 'may', 'ending', 'beginning', 'costars', 'mary', 'mouser', 'tanner', 'buchanan', 'actors', 'announced', 'engaged', 'married', 'joint', 'instagram', 'post', 'thursday', 'adding', 'chars']",entertainment
"5 Zodiac Signs With Very Good Horoscopes On February 14, 2025 - YourTango","Five zodiac signs experience very good horoscopes on February 14, 2025. They are: Capricorn, Taurus, Pisces, Libra, and Sagittarius.",https://www.yourtango.com/2025382991/zodiac-signs-very-good-horoscopes-february-14-2025,"The energy on Friday, February 14, 2025, is absolutely fabulous, especially for the five zodiac signs with very good horoscopes all day. They are Capricorn, Taurus, Pisces, Libra, and Sagittarius.
L… [+4903 chars]",entertainment,"['energy', 'friday', 'february', '14', '2025', 'absolutely', 'fabulous', 'especially', 'five', 'zodiac', 'signs', 'good', 'horoscopes', 'day', 'capricorn', 'taurus', 'pisces', 'libra', 'sagittarius', 'chars']",entertainment
"Cobra Kai Creators on Ending, Mr. Miyagi AI and Future of Netflix Show - Variety","The 'Cobra Kai' creators break down the ending, finding Mr. Miyagi's body double and the future of the 'Karate Kid' show.",https://variety.com/2025/tv/news/cobra-kai-ending-mr-miyagi-netflix-1236302826/,"SPOILER ALERT:The final five episodes of “Cobra Kai” are now streaming on Netflix.
Cobra Kai never dies, but Netflix’s popular karate action series has sadly come to an end.
After premiering back i… [+9581 chars]",entertainment,"['spoiler', 'alert', 'final', 'five', 'episodes', 'cobra', 'kai', 'streaming', 'netflix', 'cobra', 'kai', 'never', 'dies', 'netflix', 'popular', 'karate', 'action', 'series', 'sadly', 'come', 'end', 'premiering', 'back', 'chars']",entertainment
Who is getting hit by the flu? See the latest data and charts. - The Boston Globe,"COVID, RSV, and the common cold are also wreaking havoc.",https://www.bostonglobe.com/2025/02/14/metro/flu-virus-covid-record/,"The flu just wont quit this year. The virus seemed to peak after the December holidays in Massachusetts, headed back down, and then made an abrupt U-turn. And its still climbing. Now, people are repo… [+3816 chars]",health,"['flu', 'wont', 'quit', 'year', 'virus', 'seemed', 'peak', 'december', 'holidays', 'massachusetts', 'headed', 'back', 'made', 'abrupt', 'still', 'climbing', 'people', 'chars']",health
‘Road map’ of how cancers spread offers hope for new treatments - Financial Times,Research highlights growing focus on surrounding tissues to help tackle most malignant forms of the disease,https://www.ft.com/content/47816a9f-c974-4b37-9d28-4bf777a2d765,"FT newspaper delivered Monday-Saturday, plus FT Digital Edition delivered to your device Monday-Saturday.
<ul><li></li>Weekday Print Edition<li></li>FT Weekend<li></li>FT Digital Edition<li>Global n… [+105 chars]",health,"['ft', 'newspaper', 'delivered', 'plus', 'ft', 'digital', 'edition', 'delivered', 'device', 'ul', 'li', 'weekday', 'print', 'edition', 'li', 'ft', 'weekend', 'li', 'ft', 'digital', 'edition', 'li', 'global', 'chars']",health
New study reveals a major link between vaccines and Alzheimer’s - The Brighter Side of News,"More than 6 million Americans are diagnosed with Alzheimer's disease, a number expected to climb as the population ages.",https://www.thebrighterside.news/health/new-study-reveals-a-major-link-between-vaccines-and-alzheimers,"More than 6 million Americans are diagnosed with Alzheimer's disease, a number expected to climb as the population ages. Scientists continue searching for factors that influence the diseases developm… [+6932 chars]",health,"['6', 'million', 'americans', 'diagnosed', 'alzheimer', 'disease', 'number', 'expected', 'climb', 'population', 'ages', 'scientists', 'continue', 'searching', 'factors', 'influence', 'diseases', 'chars']",health
Bird flu fears have backyard chicken coop owners on edge for what’s next - The Washington Post,"Anxieties are high as experts warn the avian flu outbreak could worsen in the spring, but egg prices are spurring more newcomers to start backyard flocks.",https://www.washingtonpost.com/business/2025/02/14/bird-flu-backyard-chicken-coops/,"On her picturesque farm in the suburbs of Chicago, Kimberly Henny is used to having visitors drop by to snap up fresh eggs, honey and vegetables. But as concerns over bird flu ripple across the count… [+8239 chars]",health,"['picturesque', 'farm', 'suburbs', 'chicago', 'kimberly', 'henny', 'used', 'visitors', 'drop', 'snap', 'fresh', 'eggs', 'honey', 'vegetables', 'concerns', 'bird', 'flu', 'ripple', 'across', 'chars']",health
New research continues to link marijuana with schizophrenia. Experts say it's not so simple - Salon,"These types of studies aren't intended to imply causation, yet they are often interpreted as such",https://www.salon.com/2025/02/14/is-there-a-link-between-schizophrenia-and-cannabis-dependency-study-attempts-to-find-answers/,,health,[],health
2nd bird flu virus detected in western US. What does this mean for prevention? - ABC News,,https://abcnews.go.com/Health/2nd-bird-flu-virus-detected-western-us-prevention/story?id\\u003d118791338,,health,[],health
Valentine's Day: The Science of How Physical Affection Boosts Health - ScienceAlert,"In the opening scene of Love, Actually, Hugh Grant's character says how, whenever he gets gloomy with the state of the world, he thinks about the arrivals gate at Heathrow airport.",https://www.sciencealert.com/valentines-day-the-science-of-how-physical-affection-boosts-health,"In the opening scene of Love, Actually, Hugh Grant's character says how, whenever he gets gloomy with the state of the world, he thinks about the arrivals gate at Heathrow airport.
The reason is on … [+5906 chars]",health,"['opening', 'scene', 'love', 'actually', 'hugh', 'grant', 'character', 'says', 'whenever', 'gets', 'gloomy', 'state', 'world', 'thinks', 'arrivals', 'gate', 'heathrow', 'airport', 'reason', 'chars']",health
How old is too old to shovel snow in Oregon? Safety tips for digging out of winter storm - Yahoo Life,Much of the Portland metro and Willamette Valley saw some snow Thursday. Here's what to know if you're thinking of shoveling snow and ice.,https://www.statesmanjournal.com/story/weather/2025/02/13/oregon-snow-ice-shoveling-tips-winter-weather/78522395007/,"With much of Oregon seeing some snow this week, residents should be prepared to deal with clearing it within 24 hours of a storm ending.
Cities in Oregon with snow removal ordinances, including Sale… [+3001 chars]",health,"['much', 'oregon', 'seeing', 'snow', 'week', 'residents', 'prepared', 'deal', 'clearing', 'within', '24', 'hours', 'storm', 'ending', 'cities', 'oregon', 'snow', 'removal', 'ordinances', 'including', 'chars']",health
"Zinc levels linked to type 2 diabetes risk, study finds - The Brighter Side of News",Scientists found a strong link between zinc levels and the risk of developing type 2 diabetes and non-alcoholic fatty liver disease.,https://www.thebrighterside.news/health/zinc-levels-linked-to-type-2-diabetes-risk-study-finds,Scientists have uncovered a strong link between zinc levels in the human body and the risk of developing type 2 diabetes and non-alcoholic fatty liver disease. Their findings highlight the importance… [+8176 chars],health,"['scientists', 'uncovered', 'strong', 'link', 'zinc', 'levels', 'human', 'body', 'risk', 'developing', 'type', '2', 'diabetes', 'fatty', 'liver', 'disease', 'findings', 'highlight', 'chars']",health
More Millennials and Gen Xers are getting colorectal cancer. Adding these foods to your diet may help - Fortune,Diet plays an important role in your overall cancer risk.,https://fortune.com/well/2025/02/13/colorectal-cancer-risk-yogurt-fiber/,,health,[],health
No need to pause your sex life during menopause - Irish Examiner,"From workplace policies to social media algorithms, menopause has become a trending topic, but finding accurate information about how to maintain a satisfying sex life remains difficult",https://www.irishexaminer.com/lifestyle/healthandwellbeing/arid-41574052.html,"Hormonal shifts during perimenopause can impact your energy levels and emotional processing, as well as cause physical changes in the body, which in turn influence your experience of sexual connectio… [+6769 chars]",health,"['hormonal', 'shifts', 'perimenopause', 'impact', 'energy', 'levels', 'emotional', 'processing', 'well', 'cause', 'physical', 'changes', 'body', 'turn', 'influence', 'experience', 'sexual', 'chars']",health
Registered Dietitians Are Sharing Tips And Foods That Will Help If You Suffer From Acid Reflux And Heartburn - BuzzFeed,Here's how to prevent it from happening in the first place — and also how to stop it in its tracks once it starts.,https://www.buzzfeed.com/leighweingus/foods-that-ease-heartburn-and-acid-reflux-sc,"Wondering what the difference between heartburn and acid reflux is? According to Healthline, acid reflux is a common medical condition that can range in severity from mild to serious, and heartburn i… [+1174 chars]",health,"['wondering', 'difference', 'heartburn', 'acid', 'reflux', 'according', 'healthline', 'acid', 'reflux', 'common', 'medical', 'condition', 'range', 'severity', 'mild', 'serious', 'heartburn', 'chars']",health
"CDC finds evidence that bird flu spread silently to veterinarians, suggesting undercount of cases - PBS NewsHour","A new study published Thursday by the Centers for Disease Control and Prevention shows that bird flu has silently spread from animals to some veterinarians, echoing two smaller studies that detected evidence of infection in previously undiagnosed farmworkers.",https://www.pbs.org/newshour/health/cdc-finds-evidence-that-bird-flu-spread-silently-to-veterinarians-suggesting-undercount-of-cases,"NEW YORK (AP) A new study shows that bird flu has silently spread from animals to some veterinarians.
The study published Thursday by the Centers for Disease Control and Prevention echoes two smalle… [+3772 chars]",health,"['new', 'york', 'ap', 'new', 'study', 'shows', 'bird', 'flu', 'silently', 'spread', 'animals', 'veterinarians', 'study', 'published', 'thursday', 'centers', 'disease', 'control', 'prevention', 'echoes', 'two', 'chars']",health
Are Your Iron Levels Low? 7 Symptoms of Iron Deficiency and What to Do About It - CNET,"If you regularly feel fatigued or weak, you may have an iron deficiency. Here are some common symptoms, causes and ways to fix it.",https://www.cnet.com/health/nutrition/iron-deficiency-symptoms-and-causes/,"According to the National Health and Nutrition Examination Survey, absolute and functional iron deficiency both affect a large percentage of adults in the US -- around 14% and 15%, respectively. An a… [+6589 chars]",health,"['according', 'national', 'health', 'nutrition', 'examination', 'survey', 'absolute', 'functional', 'iron', 'deficiency', 'affect', 'large', 'percentage', 'adults', 'us', 'around', '14', '15', 'respectively', 'chars']",health
Your brain ‘washes’ itself at night. Sleep aids may get in the way. - National Geographic,Your brain’s natural rinse cycle flows while you sleep. A new study suggests certain medications interfere with that important nightly ritual.,https://www.nationalgeographic.com/science/article/brain-washing-sleep-aids-effects,Heres why the new findings are renewing long-held questions about the effects of sleep medicationsand what you should keep in mind if youre one of the 8 percent of Americans who use one to drift off.… [+1164 chars],health,"['heres', 'new', 'findings', 'renewing', 'questions', 'effects', 'sleep', 'medicationsand', 'keep', 'mind', 'youre', 'one', '8', 'percent', 'americans', 'use', 'one', 'drift', 'chars']",health
Scientists have a new explanation for the last two years of record heat - The Washington Post,"Rising temperatures are fueled, in part, by declining cloud cover — which could be a potential climate feedback loop.",https://www.washingtonpost.com/climate-environment/2025/02/14/global-warming-acceleration-clouds/,"For the past few years, scientists have watched, aghast, as global temperatures have surged with both 2023 and 2024 reachingaround 1.5 degrees Celsius above the preindustrial average. In some ways, t… [+5019 chars]",science,"['past', 'years', 'scientists', 'watched', 'aghast', 'global', 'temperatures', 'surged', '2023', '2024', 'reachingaround', 'degrees', 'celsius', 'preindustrial', 'average', 'ways', 'chars']",science
The Largest Sofa You Can Move Around a Corner - Quanta Magazine,A new proof reveals the answer to the decades-old “moving sofa” problem. It highlights how even the simplest optimization problems can have counterintuitive answers.,https://www.quantamagazine.org/the-largest-sofa-you-can-move-around-a-corner-20250214/,"In 1992, Joseph Gerver of Rutgers University proposed a particularly clever curved shape with an area of approximately 2.2195. Mathematicians suspected that it answered Mosers question. But they coul… [+2770 chars]",science,"['1992', 'joseph', 'gerver', 'rutgers', 'university', 'proposed', 'particularly', 'clever', 'curved', 'shape', 'area', 'approximately', 'mathematicians', 'suspected', 'answered', 'mosers', 'question', 'chars']",science
Newly discovered fungus turns cave-dwelling spiders into ‘zombies’ - CNN,"Scientists have discovered a fungus that turns spiders into “zombies,” luring the arachnids out of their lairs before killing them and using their corpses to spread.",https://www.cnn.com/2025/02/14/science/zombie-spider-fungus-caves-gibellula/index.html,"Sign up for CNNs Wonder Theory science newsletter. Explore the universe with news on fascinating discoveries, scientific advancements and more.
Scientists in Europe have identified a previously unkn… [+6192 chars]",science,"['sign', 'cnns', 'wonder', 'theory', 'science', 'newsletter', 'explore', 'universe', 'news', 'fascinating', 'discoveries', 'scientific', 'advancements', 'scientists', 'europe', 'identified', 'previously', 'chars']",science
Lake Vostok: The 15 million-year-old lake buried miles beneath Antarctica's ice - Livescience.com,"Buried several miles beneath East Antarctica's ice, Lake Vostok is one of the largest freshwater lakes on Earth, rivaling Lake Ontario in terms of size and volume.",https://www.livescience.com/planet-earth/antarctica/lake-vostok-the-15-million-year-old-lake-buried-miles-beneath-antarcticas-ice,"Name: Lake Vostok
Location: East Antarctica
Coordinates:-77.45268382042562, 106.23142584023033
Why it's incredible: The lake is one of the largest on Earth, but it lies beneath several miles of ic… [+3304 chars]",science,"['name', 'lake', 'vostok', 'location', 'east', 'antarctica', 'coordinates', 'incredible', 'lake', 'one', 'largest', 'earth', 'lies', 'beneath', 'several', 'miles', 'chars']",science
Threat of newly-discovered asteroid hitting Earth has risen - MLive.com,The near-Earth asteroid known as 2024 YR4 is estimated to be up to 300 feet across.,https://www.mlive.com/news/2025/02/threat-of-newly-discovered-asteroid-hitting-earth-has-risen.html,"By MARCIA DUNN AP Aerospace Writer
CAPE CANAVERAL, Fla. (AP) The threat of a newly discovered asteroid has risen slightly in the past few weeks, as the worlds telescopes rush to track its course. Bu… [+3695 chars]",science,"['marcia', 'dunn', 'ap', 'aerospace', 'writer', 'cape', 'canaveral', 'ap', 'threat', 'newly', 'discovered', 'asteroid', 'risen', 'slightly', 'past', 'weeks', 'worlds', 'telescopes', 'rush', 'track', 'course', 'chars']",science
Pale Blue Dot: The iconic Valentine's Day photo of Earth turns 35 today — and you're probably in it - Livescience.com,"On this day 35 years ago, NASA's Voyager 1 spacecraft took a picture that changed how we see our planet. The iconic ""Pale Blue Dot"" image is just as awe-inspiring today.",https://www.livescience.com/space/planets/pale-blue-dot-the-iconic-valentines-day-photo-of-earth-turns-35-today-and-youre-probably-in-it,"On Valentine's Day 1990, NASA's Voyager 1 spacecraft
snapped what would become one of the most iconic images ever taken: a view of Earth from 3.7 billion miles (6 billion kilometers) away. In that m… [+3081 chars]",science,"['valentine', 'day', '1990', 'nasa', 'voyager', '1', 'spacecraft', 'snapped', 'would', 'become', 'one', 'iconic', 'images', 'ever', 'taken', 'view', 'earth', 'billion', 'miles', '6', 'billion', 'kilometers', 'away', 'chars']",science
"What we can learn from tortoises and octopuses about a happy, solitary life - BBC.com",Solitary lifestyles can have some big advantages in the animal world. Can humans learn anything from them?,https://www.bbc.com/future/article/20250213-the-overlooked-advantages-of-being-a-solitary-animal,"Red-footed tortoises forage by themselves but experiments have shown they still learn from their peers (Credit: Martin Krondorfer)
Solitary lifestyles can have some big advantages in the animal worl… [+12217 chars]",science,"['tortoises', 'forage', 'experiments', 'shown', 'still', 'learn', 'peers', 'credit', 'martin', 'krondorfer', 'solitary', 'lifestyles', 'big', 'advantages', 'animal', 'chars']",science
Hypervelocity star drags fastest exoplanet through space at 1.2 million mph - Space.com,"""It will be the first planet ever found orbiting a hypervelocity star.""",https://www.space.com/hypervelocity-star-drags-fastest-exoplanet-1-million-mph,"Is it a bird? Is it a plane? No, it's super Neptune! But this Superman-mimicking planet is not blasting through space on its own. It is being dragged along by its parent star.
NASA scientists have d… [+5987 chars]",science,"['bird', 'plane', 'super', 'neptune', 'planet', 'blasting', 'space', 'dragged', 'along', 'parent', 'star', 'nasa', 'scientists', 'chars']",science
This Is the Easiest Way to Hike Uphill - Outside,"Counterintuitive though it may sound, that data shows that under most circumstances, twice as steep is easier than twice as fast",https://www.outsideonline.com/health/training-performance/easy-hike-up-hills/,"""],""filter"":{""nextExceptions"":""img, blockquote, div"",""nextContainsExceptions"":""img, blockquote, a.btn, a.o-button""},""renderIntial"":true,""wordCount"":350}'&gt;
 Consider this age-old dilemma: youre at… [+6349 chars]",science,"['filter', 'nextexceptions', 'img', 'blockquote', 'div', 'nextcontainsexceptions', 'img', 'blockquote', 'renderintial', 'true', 'wordcount', 'gt', 'consider', 'dilemma', 'youre', 'chars']",science
Yale Scientists Reprogram Genetic Code To Create Revolutionary Synthetic Organism - SciTechDaily,"Yale researchers have created ""Ochre,"" a genomically recoded organism that enables the production of synthetic proteins with novel properties, paving the way for groundbreaking applications in medicine, biotechnology, and industry. Synthetic biologists from Y…",https://scitechdaily.com/yale-scientists-reprogram-genetic-code-to-create-revolutionary-synthetic-organism/,"Yale scientists have reprogrammed the genetic code of an organism, creating a novel genomically recoded organism (GRO) with only one stop codon, enabling the production of synthetic proteins with new… [+7580 chars]",science,"['yale', 'scientists', 'reprogrammed', 'genetic', 'code', 'organism', 'creating', 'novel', 'genomically', 'recoded', 'organism', 'gro', 'one', 'stop', 'codon', 'enabling', 'production', 'synthetic', 'proteins', 'chars']",science
Mysterious Radioactive Anomaly Discovered Deep Under The Pacific Ocean - ScienceAlert,A strange radioactive 'blip' has been detected deep beneath the Pacific Ocean.,https://www.sciencealert.com/mysterious-radioactive-anomaly-discovered-deep-under-the-pacific-ocean,"A strange radioactive 'blip' has been detected deep beneath the Pacific Ocean.
Analyzing several thin layers of seafloor crust, scientists in Germany have identified a sudden surge in the radioactiv… [+4318 chars]",science,"['strange', 'radioactive', 'detected', 'deep', 'beneath', 'pacific', 'ocean', 'analyzing', 'several', 'thin', 'layers', 'seafloor', 'crust', 'scientists', 'germany', 'identified', 'sudden', 'surge', 'chars']",science
"Weeks from homecoming, Boeing Starliner astronauts want to set the record straight - CNN",The two astronauts who piloted the Boeing Starliner’s first crewed test flight responded to a claim from President Donald Trump that the pair were “abandoned.”,https://www.cnn.com/2025/02/13/science/boeing-starliner-astronauts-stuck-space/index.html,"Sign up for CNNs Wonder Theory science newsletter. Explore the universe with news on fascinating discoveries, scientific advancements and more.
NASAs Suni Williams and Butch Wilmore the two astronau… [+4207 chars]",science,"['sign', 'cnns', 'wonder', 'theory', 'science', 'newsletter', 'explore', 'universe', 'news', 'fascinating', 'discoveries', 'scientific', 'advancements', 'nasas', 'suni', 'williams', 'butch', 'wilmore', 'two', 'chars']",science
Scientists Finally Solve the Mystery of the Irish Potato Famine’s Origins. It Came From The Andes - ZME Science,DNA study shows the deadly potato blight came from South America.,https://www.zmescience.com/science/news-science/irish-potato-andes-origin/,"In the mid-19th century, a microscopic invader swept across Ireland, leaving a trail of devastation in its wake. The potato blight, caused by the fungus-like pathogen Phytophthora infestans, triggere… [+4801 chars]",science,"['century', 'microscopic', 'invader', 'swept', 'across', 'ireland', 'leaving', 'trail', 'devastation', 'wake', 'potato', 'blight', 'caused', 'pathogen', 'phytophthora', 'infestans', 'chars']",science
Earth's Flipping Magnetic Field Heard as Sound Is an Unnerving Horror - Yahoo,Just listen to it.,https://www.sciencealert.com/earths-flipping-magnetic-field-heard-as-sound-is-an-unnerving-horror,"Earth's magnetic field dramatically flipped a little more than 40,000 years ago. We can now experience this epic upheaval, thanks to a clever interpretation of information collected by the European S… [+3091 chars]",science,"['earth', 'magnetic', 'field', 'dramatically', 'flipped', 'little', 'years', 'ago', 'experience', 'epic', 'upheaval', 'thanks', 'clever', 'interpretation', 'information', 'collected', 'european', 'chars']",science
Nanoparticles successfully deliver genetic material to plants via roots - Phys.org,"University of Queensland researchers have for the first time introduced genetic material into plants via their roots, opening a potential pathway for rapid crop improvement. The research is published in Nature Plants.",https://phys.org/news/2025-02-nanoparticles-successfully-genetic-material-roots.html,"University of Queensland researchers have for the first time introduced genetic material into plants via their roots, opening a potential pathway for rapid crop improvement. The research is published… [+3070 chars]",science,"['university', 'queensland', 'researchers', 'first', 'time', 'introduced', 'genetic', 'material', 'plants', 'via', 'roots', 'opening', 'potential', 'pathway', 'rapid', 'crop', 'improvement', 'research', 'chars']",science
"Mighty marine fungi degrade plastic by eating it, and can be conditioned to do it faster - Phys.org","Plastic is the most prevalent marine pollutant, and plastic surfaces are the fastest growing habitat in the ocean. Researchers at the University of Hawai'i (UH) at Mānoa have recently discovered that many species of fungi isolated from Hawai'i's nearshore env…",https://phys.org/news/2025-02-mighty-marine-fungi-degrade-plastic.html,"Plastic is the most prevalent marine pollutant, and plastic surfaces are the fastest growing habitat in the ocean. Researchers at the University of Hawai'i (UH) at Mnoa have recently discovered that … [+4771 chars]",science,"['plastic', 'prevalent', 'marine', 'pollutant', 'plastic', 'surfaces', 'fastest', 'growing', 'habitat', 'ocean', 'researchers', 'university', 'hawai', 'uh', 'mnoa', 'recently', 'discovered', 'chars']",science
Greetings from the fourth dimension: Scientists glimpse 4D crystal structure using surface wave patterns - Phys.org,"In April 1982, Prof. Dan Shechtman of the Technion–Israel Institute of Technology made the discovery that would later earn him the 2011 Nobel Prize in Chemistry: the quasiperiodic crystal. According to diffraction measurements made with an electron microscope…",https://phys.org/news/2025-02-fourth-dimension-scientists-glimpse-4d.html,"In April 1982, Prof. Dan Shechtman of the TechnionIsrael Institute of Technology made the discovery that would later earn him the 2011 Nobel Prize in Chemistry: the quasiperiodic crystal. According t… [+5426 chars]",science,"['april', '1982', 'dan', 'shechtman', 'technionisrael', 'institute', 'technology', 'made', 'discovery', 'would', 'later', 'earn', '2011', 'nobel', 'prize', 'chemistry', 'quasiperiodic', 'crystal', 'according', 'chars']",technology
"Divorce can be predicted by interactions between cultural and personal values, study finds - Phys.org","Divorce, the legal dissolution of marriage, can be driven by a variety of factors, ranging from changes in the economic status or health conditions of spouses to contrasting values. The end of a marriage can often be challenging to process. Thus, it can have …",https://phys.org/news/2025-02-divorce-interactions-cultural-personal-values.html,"Divorce, the legal dissolution of marriage, can be driven by a variety of factors, ranging from changes in the economic status or health conditions of spouses to contrasting values. The end of a marr… [+4533 chars]",science,"['divorce', 'legal', 'dissolution', 'marriage', 'driven', 'variety', 'factors', 'ranging', 'changes', 'economic', 'status', 'health', 'conditions', 'spouses', 'contrasting', 'values', 'end', 'chars']",health
"3.5 kilometers underwater, scientists found a staggeringly energetic particle from outer space - Phys.org","Three and a half kilometers beneath the Mediterranean Sea, around 80km off the coast of Sicily, lies half of a very unusual telescope called KM3NeT.",https://phys.org/news/2025-02-kilometers-underwater-scientists-staggeringly-energetic.html,"Three and a half kilometers beneath the Mediterranean Sea, around 80km off the coast of Sicily, lies half of a very unusual telescope called KM3NeT.
The enormous device is still under construction, … [+6413 chars]",science,"['three', 'half', 'kilometers', 'beneath', 'mediterranean', 'sea', 'around', '80km', 'coast', 'sicily', 'lies', 'half', 'unusual', 'telescope', 'called', 'km3net', 'enormous', 'device', 'still', 'construction', 'chars']",science
Even epic rainfall may not be enough to refill SoCal’s aquifers - Science News Magazine,More than a dozen atmospheric rivers dumped rainfall on California in 2023 but replenished only 25 percent of the water lost from aquifers since 2006.,https://www.sciencenews.org/article/epic-rainfall-not-refill-socal-aquifers,,science,[],science
